X Acc.,Y Acc.,Temperature,Altitude
0,0,22.875,294.629496
0,0,22.9375,294.066987
